,Cluster,AVG_BET,INITIAL_AMOUNT,GAMES_PLAYED_TOTAL,GAMES_WON_TOTAL,Edad
0,0,4.12949569495695,244.84437269372694,94.82964329643296,29.05412054120541,63.21432964329643
1,1,6.111371681415929,507.3305752212389,937.8893805309734,311.9070796460177,58.83185840707964
2,2,14.146502994011977,818.6153053892216,125.00479041916168,41.458682634730536,57.808383233532936
3,3,5.635327342747112,301.7472272143774,98.20924261874198,32.10783055198973,34.897304236200256
