,Cluster,AVG_BET,INITIAL_AMOUNT,GAMES_PLAYED_TOTAL,GAMES_WON_TOTAL,Edad
0,0,4.17910657306956,211.77323548181238,94.60433950223357,27.825143586470965,35.99872367581366
1,1,3.4390221088435373,200.1591037414966,93.02278911564626,28.448809523809523,61.80136054421769
2,2,4.123038961038961,368.4617142857143,948.7662337662338,286.37922077922076,58.46233766233766
3,3,10.143037681159422,684.1861971014492,113.01971014492753,37.08463768115942,56.44927536231884
