,Cluster,AVG_BET,INITIAL_AMOUNT,GAMES_PLAYED_TOTAL,GAMES_WON_TOTAL,Edad
0,0,3.9361445783132534,225.5829615235134,132.11426350563545,32.698017877963466,60.48659152739992
1,1,14.651412587412588,727.7561398601399,159.5874125874126,45.81258741258741,56.36223776223776
2,2,4.814722222222223,442.97625,1113.8564814814815,315.8425925925926,57.89351851851852
3,3,4.591051212938005,242.80185983827494,107.3288409703504,29.340970350404312,35.179245283018865
